[{"model": "auth.permission", "pk": 1, "fields": {"name": "Can add log entry", "content_type": 1, "codename": "add_logentry"}}, {"model": "auth.permission", "pk": 2, "fields": {"name": "Can change log entry", "content_type": 1, "codename": "change_logentry"}}, {"model": "auth.permission", "pk": 3, "fields": {"name": "Can delete log entry", "content_type": 1, "codename": "delete_logentry"}}, {"model": "auth.permission", "pk": 4, "fields": {"name": "Can view log entry", "content_type": 1, "codename": "view_logentry"}}, {"model": "auth.permission", "pk": 5, "fields": {"name": "Can add permission", "content_type": 2, "codename": "add_permission"}}, {"model": "auth.permission", "pk": 6, "fields": {"name": "Can change permission", "content_type": 2, "codename": "change_permission"}}, {"model": "auth.permission", "pk": 7, "fields": {"name": "Can delete permission", "content_type": 2, "codename": "delete_permission"}}, {"model": "auth.permission", "pk": 8, "fields": {"name": "Can view permission", "content_type": 2, "codename": "view_permission"}}, {"model": "auth.permission", "pk": 9, "fields": {"name": "Can add group", "content_type": 3, "codename": "add_group"}}, {"model": "auth.permission", "pk": 10, "fields": {"name": "Can change group", "content_type": 3, "codename": "change_group"}}, {"model": "auth.permission", "pk": 11, "fields": {"name": "Can delete group", "content_type": 3, "codename": "delete_group"}}, {"model": "auth.permission", "pk": 12, "fields": {"name": "Can view group", "content_type": 3, "codename": "view_group"}}, {"model": "auth.permission", "pk": 13, "fields": {"name": "Can add content type", "content_type": 4, "codename": "add_contenttype"}}, {"model": "auth.permission", "pk": 14, "fields": {"name": "Can change content type", "content_type": 4, "codename": "change_contenttype"}}, {"model": "auth.permission", "pk": 15, "fields": {"name": "Can delete content type", "content_type": 4, "codename": "delete_contenttype"}}, {"model": "auth.permission", "pk": 16, "fields": {"name": "Can view content type", "content_type": 4, "codename": "view_contenttype"}}, {"model": "auth.permission", "pk": 17, "fields": {"name": "Can add session", "content_type": 5, "codename": "add_session"}}, {"model": "auth.permission", "pk": 18, "fields": {"name": "Can change session", "content_type": 5, "codename": "change_session"}}, {"model": "auth.permission", "pk": 19, "fields": {"name": "Can delete session", "content_type": 5, "codename": "delete_session"}}, {"model": "auth.permission", "pk": 20, "fields": {"name": "Can view session", "content_type": 5, "codename": "view_session"}}, {"model": "auth.permission", "pk": 21, "fields": {"name": "Can add address", "content_type": 6, "codename": "add_address"}}, {"model": "auth.permission", "pk": 22, "fields": {"name": "Can change address", "content_type": 6, "codename": "change_address"}}, {"model": "auth.permission", "pk": 23, "fields": {"name": "Can delete address", "content_type": 6, "codename": "delete_address"}}, {"model": "auth.permission", "pk": 24, "fields": {"name": "Can view address", "content_type": 6, "codename": "view_address"}}, {"model": "auth.permission", "pk": 25, "fields": {"name": "Can add catalog menu", "content_type": 7, "codename": "add_catalogmenu"}}, {"model": "auth.permission", "pk": 26, "fields": {"name": "Can change catalog menu", "content_type": 7, "codename": "change_catalogmenu"}}, {"model": "auth.permission", "pk": 27, "fields": {"name": "Can delete catalog menu", "content_type": 7, "codename": "delete_catalogmenu"}}, {"model": "auth.permission", "pk": 28, "fields": {"name": "Can view catalog menu", "content_type": 7, "codename": "view_catalogmenu"}}, {"model": "auth.permission", "pk": 29, "fields": {"name": "Can add category", "content_type": 8, "codename": "add_category"}}, {"model": "auth.permission", "pk": 30, "fields": {"name": "Can change category", "content_type": 8, "codename": "change_category"}}, {"model": "auth.permission", "pk": 31, "fields": {"name": "Can delete category", "content_type": 8, "codename": "delete_category"}}, {"model": "auth.permission", "pk": 32, "fields": {"name": "Can view category", "content_type": 8, "codename": "view_category"}}, {"model": "auth.permission", "pk": 33, "fields": {"name": "Can add main menu", "content_type": 9, "codename": "add_mainmenu"}}, {"model": "auth.permission", "pk": 34, "fields": {"name": "Can change main menu", "content_type": 9, "codename": "change_mainmenu"}}, {"model": "auth.permission", "pk": 35, "fields": {"name": "Can delete main menu", "content_type": 9, "codename": "delete_mainmenu"}}, {"model": "auth.permission", "pk": 36, "fields": {"name": "Can view main menu", "content_type": 9, "codename": "view_mainmenu"}}, {"model": "auth.permission", "pk": 37, "fields": {"name": "Can add new menu", "content_type": 10, "codename": "add_newmenu"}}, {"model": "auth.permission", "pk": 38, "fields": {"name": "Can change new menu", "content_type": 10, "codename": "change_newmenu"}}, {"model": "auth.permission", "pk": 39, "fields": {"name": "Can delete new menu", "content_type": 10, "codename": "delete_newmenu"}}, {"model": "auth.permission", "pk": 40, "fields": {"name": "Can view new menu", "content_type": 10, "codename": "view_newmenu"}}, {"model": "auth.permission", "pk": 41, "fields": {"name": "Can add product", "content_type": 11, "codename": "add_product"}}, {"model": "auth.permission", "pk": 42, "fields": {"name": "Can change product", "content_type": 11, "codename": "change_product"}}, {"model": "auth.permission", "pk": 43, "fields": {"name": "Can delete product", "content_type": 11, "codename": "delete_product"}}, {"model": "auth.permission", "pk": 44, "fields": {"name": "Can view product", "content_type": 11, "codename": "view_product"}}, {"model": "auth.permission", "pk": 45, "fields": {"name": "Can add user", "content_type": 12, "codename": "add_customuser"}}, {"model": "auth.permission", "pk": 46, "fields": {"name": "Can change user", "content_type": 12, "codename": "change_customuser"}}, {"model": "auth.permission", "pk": 47, "fields": {"name": "Can delete user", "content_type": 12, "codename": "delete_customuser"}}, {"model": "auth.permission", "pk": 48, "fields": {"name": "Can view user", "content_type": 12, "codename": "view_customuser"}}, {"model": "auth.permission", "pk": 49, "fields": {"name": "Can add basket", "content_type": 13, "codename": "add_basket"}}, {"model": "auth.permission", "pk": 50, "fields": {"name": "Can change basket", "content_type": 13, "codename": "change_basket"}}, {"model": "auth.permission", "pk": 51, "fields": {"name": "Can delete basket", "content_type": 13, "codename": "delete_basket"}}, {"model": "auth.permission", "pk": 52, "fields": {"name": "Can view basket", "content_type": 13, "codename": "view_basket"}}, {"model": "auth.permission", "pk": 53, "fields": {"name": "Can add association", "content_type": 14, "codename": "add_association"}}, {"model": "auth.permission", "pk": 54, "fields": {"name": "Can change association", "content_type": 14, "codename": "change_association"}}, {"model": "auth.permission", "pk": 55, "fields": {"name": "Can delete association", "content_type": 14, "codename": "delete_association"}}, {"model": "auth.permission", "pk": 56, "fields": {"name": "Can view association", "content_type": 14, "codename": "view_association"}}, {"model": "auth.permission", "pk": 57, "fields": {"name": "Can add code", "content_type": 15, "codename": "add_code"}}, {"model": "auth.permission", "pk": 58, "fields": {"name": "Can change code", "content_type": 15, "codename": "change_code"}}, {"model": "auth.permission", "pk": 59, "fields": {"name": "Can delete code", "content_type": 15, "codename": "delete_code"}}, {"model": "auth.permission", "pk": 60, "fields": {"name": "Can view code", "content_type": 15, "codename": "view_code"}}, {"model": "auth.permission", "pk": 61, "fields": {"name": "Can add nonce", "content_type": 16, "codename": "add_nonce"}}, {"model": "auth.permission", "pk": 62, "fields": {"name": "Can change nonce", "content_type": 16, "codename": "change_nonce"}}, {"model": "auth.permission", "pk": 63, "fields": {"name": "Can delete nonce", "content_type": 16, "codename": "delete_nonce"}}, {"model": "auth.permission", "pk": 64, "fields": {"name": "Can view nonce", "content_type": 16, "codename": "view_nonce"}}, {"model": "auth.permission", "pk": 65, "fields": {"name": "Can add user social auth", "content_type": 17, "codename": "add_usersocialauth"}}, {"model": "auth.permission", "pk": 66, "fields": {"name": "Can change user social auth", "content_type": 17, "codename": "change_usersocialauth"}}, {"model": "auth.permission", "pk": 67, "fields": {"name": "Can delete user social auth", "content_type": 17, "codename": "delete_usersocialauth"}}, {"model": "auth.permission", "pk": 68, "fields": {"name": "Can view user social auth", "content_type": 17, "codename": "view_usersocialauth"}}, {"model": "auth.permission", "pk": 69, "fields": {"name": "Can add partial", "content_type": 18, "codename": "add_partial"}}, {"model": "auth.permission", "pk": 70, "fields": {"name": "Can change partial", "content_type": 18, "codename": "change_partial"}}, {"model": "auth.permission", "pk": 71, "fields": {"name": "Can delete partial", "content_type": 18, "codename": "delete_partial"}}, {"model": "auth.permission", "pk": 72, "fields": {"name": "Can view partial", "content_type": 18, "codename": "view_partial"}}, {"model": "auth.permission", "pk": 73, "fields": {"name": "Can add custom user profile", "content_type": 19, "codename": "add_customuserprofile"}}, {"model": "auth.permission", "pk": 74, "fields": {"name": "Can change custom user profile", "content_type": 19, "codename": "change_customuserprofile"}}, {"model": "auth.permission", "pk": 75, "fields": {"name": "Can delete custom user profile", "content_type": 19, "codename": "delete_customuserprofile"}}, {"model": "auth.permission", "pk": 76, "fields": {"name": "Can view custom user profile", "content_type": 19, "codename": "view_customuserprofile"}}, {"model": "auth.permission", "pk": 77, "fields": {"name": "Can add \u0437\u0430\u043a\u0430\u0437", "content_type": 20, "codename": "add_order"}}, {"model": "auth.permission", "pk": 78, "fields": {"name": "Can change \u0437\u0430\u043a\u0430\u0437", "content_type": 20, "codename": "change_order"}}, {"model": "auth.permission", "pk": 79, "fields": {"name": "Can delete \u0437\u0430\u043a\u0430\u0437", "content_type": 20, "codename": "delete_order"}}, {"model": "auth.permission", "pk": 80, "fields": {"name": "Can view \u0437\u0430\u043a\u0430\u0437", "content_type": 20, "codename": "view_order"}}, {"model": "auth.permission", "pk": 81, "fields": {"name": "Can add order item", "content_type": 21, "codename": "add_orderitem"}}, {"model": "auth.permission", "pk": 82, "fields": {"name": "Can change order item", "content_type": 21, "codename": "change_orderitem"}}, {"model": "auth.permission", "pk": 83, "fields": {"name": "Can delete order item", "content_type": 21, "codename": "delete_orderitem"}}, {"model": "auth.permission", "pk": 84, "fields": {"name": "Can view order item", "content_type": 21, "codename": "view_orderitem"}}, {"model": "sessions.session", "pk": "15rmnuc0ozohtue25uf9cgk8u1dqppy0", "fields": {"session_data": "MTgyYjc3MWE4ZDhmMGI3Y2VjZjk1ZDdhN2Y0ZWZiMzE3OGQ5NTkyODp7Il9hdXRoX3VzZXJfaWQiOiIxIiwiX2F1dGhfdXNlcl9iYWNrZW5kIjoiZGphbmdvLmNvbnRyaWIuYXV0aC5iYWNrZW5kcy5Nb2RlbEJhY2tlbmQiLCJfYXV0aF91c2VyX2hhc2giOiIzN2VmZWMzZmIyNDQ4ZTc5YjA5Y2QxNGU0ZmNkNjU5MmFkM2M5ODI4In0=", "expire_date": "2019-02-26T00:27:36.661Z"}}, {"model": "sessions.session", "pk": "16h3x7ibtetqeslhciqx9fer0wcx19qc", "fields": {"session_data": "YjhkMDZjNTZhYWU3ZTk5MmI3OTQyNjdmYTg1Yjk1NDgzMTQ4MzFkNjp7Il9hdXRoX3VzZXJfaWQiOiIzIiwiX2F1dGhfdXNlcl9iYWNrZW5kIjoiZGphbmdvLmNvbnRyaWIuYXV0aC5iYWNrZW5kcy5Nb2RlbEJhY2tlbmQiLCJfYXV0aF91c2VyX2hhc2giOiI4OWJjODg2MmUwZDg1Y2EzMWU2NzZmMTc4M2JkYzI0ZDQwOTUzYTE0In0=", "expire_date": "2019-02-17T18:04:33.323Z"}}, {"model": "sessions.session", "pk": "2gyk7x8s5bezgjvj88nm9hoeknkrhjyc", "fields": {"session_data": "MTgyYjc3MWE4ZDhmMGI3Y2VjZjk1ZDdhN2Y0ZWZiMzE3OGQ5NTkyODp7Il9hdXRoX3VzZXJfaWQiOiIxIiwiX2F1dGhfdXNlcl9iYWNrZW5kIjoiZGphbmdvLmNvbnRyaWIuYXV0aC5iYWNrZW5kcy5Nb2RlbEJhY2tlbmQiLCJfYXV0aF91c2VyX2hhc2giOiIzN2VmZWMzZmIyNDQ4ZTc5YjA5Y2QxNGU0ZmNkNjU5MmFkM2M5ODI4In0=", "expire_date": "2019-02-25T14:36:31.303Z"}}, {"model": "sessions.session", "pk": "76hc1wl64fxpd53vxqmowqj67kn9hi20", "fields": {"session_data": "MTgyYjc3MWE4ZDhmMGI3Y2VjZjk1ZDdhN2Y0ZWZiMzE3OGQ5NTkyODp7Il9hdXRoX3VzZXJfaWQiOiIxIiwiX2F1dGhfdXNlcl9iYWNrZW5kIjoiZGphbmdvLmNvbnRyaWIuYXV0aC5iYWNrZW5kcy5Nb2RlbEJhY2tlbmQiLCJfYXV0aF91c2VyX2hhc2giOiIzN2VmZWMzZmIyNDQ4ZTc5YjA5Y2QxNGU0ZmNkNjU5MmFkM2M5ODI4In0=", "expire_date": "2019-03-01T22:05:13.992Z"}}, {"model": "sessions.session", "pk": "9b6ynwikg6wyni29uot712une6jhk6re", "fields": {"session_data": "MTgyYjc3MWE4ZDhmMGI3Y2VjZjk1ZDdhN2Y0ZWZiMzE3OGQ5NTkyODp7Il9hdXRoX3VzZXJfaWQiOiIxIiwiX2F1dGhfdXNlcl9iYWNrZW5kIjoiZGphbmdvLmNvbnRyaWIuYXV0aC5iYWNrZW5kcy5Nb2RlbEJhY2tlbmQiLCJfYXV0aF91c2VyX2hhc2giOiIzN2VmZWMzZmIyNDQ4ZTc5YjA5Y2QxNGU0ZmNkNjU5MmFkM2M5ODI4In0=", "expire_date": "2019-02-26T00:00:43.887Z"}}, {"model": "sessions.session", "pk": "a7fegg0iovtpml49d1hu2ffm4jq7d7v9", "fields": {"session_data": "MTgyYjc3MWE4ZDhmMGI3Y2VjZjk1ZDdhN2Y0ZWZiMzE3OGQ5NTkyODp7Il9hdXRoX3VzZXJfaWQiOiIxIiwiX2F1dGhfdXNlcl9iYWNrZW5kIjoiZGphbmdvLmNvbnRyaWIuYXV0aC5iYWNrZW5kcy5Nb2RlbEJhY2tlbmQiLCJfYXV0aF91c2VyX2hhc2giOiIzN2VmZWMzZmIyNDQ4ZTc5YjA5Y2QxNGU0ZmNkNjU5MmFkM2M5ODI4In0=", "expire_date": "2019-03-19T07:59:20.646Z"}}, {"model": "sessions.session", "pk": "ar8l3zc8w0o47d4z3zq6oicu917wc6dd", "fields": {"session_data": "MTgyYjc3MWE4ZDhmMGI3Y2VjZjk1ZDdhN2Y0ZWZiMzE3OGQ5NTkyODp7Il9hdXRoX3VzZXJfaWQiOiIxIiwiX2F1dGhfdXNlcl9iYWNrZW5kIjoiZGphbmdvLmNvbnRyaWIuYXV0aC5iYWNrZW5kcy5Nb2RlbEJhY2tlbmQiLCJfYXV0aF91c2VyX2hhc2giOiIzN2VmZWMzZmIyNDQ4ZTc5YjA5Y2QxNGU0ZmNkNjU5MmFkM2M5ODI4In0=", "expire_date": "2019-02-25T15:34:47.109Z"}}, {"model": "sessions.session", "pk": "d0ohhqir03t9ezcjnvnf8mfbj1vf8syc", "fields": {"session_data": "MTgyYjc3MWE4ZDhmMGI3Y2VjZjk1ZDdhN2Y0ZWZiMzE3OGQ5NTkyODp7Il9hdXRoX3VzZXJfaWQiOiIxIiwiX2F1dGhfdXNlcl9iYWNrZW5kIjoiZGphbmdvLmNvbnRyaWIuYXV0aC5iYWNrZW5kcy5Nb2RlbEJhY2tlbmQiLCJfYXV0aF91c2VyX2hhc2giOiIzN2VmZWMzZmIyNDQ4ZTc5YjA5Y2QxNGU0ZmNkNjU5MmFkM2M5ODI4In0=", "expire_date": "2019-03-19T09:59:47.983Z"}}, {"model": "sessions.session", "pk": "hxnk7nn5793iie9wv20cb8shqdzh9j2k", "fields": {"session_data": "OGJjYmI5NDUxMjk2NjlmNDliOGQ0MDNiZmE0YzM5MzQ2MWM1M2YzMTp7Im5leHQiOiIvIiwidmstb2F1dGgyX3N0YXRlIjoic3Iwc244RGljQmNFRG5GaUJ3Qm9JUmZ0MTlpTTFQQWUiLCJfYXV0aF91c2VyX2lkIjoiMiIsIl9hdXRoX3VzZXJfYmFja2VuZCI6InNvY2lhbF9jb3JlLmJhY2tlbmRzLnZrLlZLT0F1dGgyIiwiX2F1dGhfdXNlcl9oYXNoIjoiZjZjMjZkZTc0ZTA1MDI2YTg4MmQwZThhNTg3OTRiYjNhMWYxYTg0MyIsInNvY2lhbF9hdXRoX2xhc3RfbG9naW5fYmFja2VuZCI6InZrLW9hdXRoMiJ9", "expire_date": "2019-03-15T14:09:17.924Z"}}, {"model": "sessions.session", "pk": "k01gc8gg69qyox3pixhoiap1m3fpa3wx", "fields": {"session_data": "MTgyYjc3MWE4ZDhmMGI3Y2VjZjk1ZDdhN2Y0ZWZiMzE3OGQ5NTkyODp7Il9hdXRoX3VzZXJfaWQiOiIxIiwiX2F1dGhfdXNlcl9iYWNrZW5kIjoiZGphbmdvLmNvbnRyaWIuYXV0aC5iYWNrZW5kcy5Nb2RlbEJhY2tlbmQiLCJfYXV0aF91c2VyX2hhc2giOiIzN2VmZWMzZmIyNDQ4ZTc5YjA5Y2QxNGU0ZmNkNjU5MmFkM2M5ODI4In0=", "expire_date": "2019-02-21T02:09:36.447Z"}}, {"model": "sessions.session", "pk": "ktkzv058f0pblolsr4osz081rn8ilj8p", "fields": {"session_data": "YWYzYzYyNDAzNWFhOTc1MGQ2MjgxMWU5MjA0YTNkNzI1YWJlNWNiNjp7Im5leHQiOiIvIiwidmstb2F1dGgyX3N0YXRlIjoiVnNjMkhJMEJzWktIZ0pmSVIzR0owZ05ReVNKRWJNMVcifQ==", "expire_date": "2019-03-19T12:13:05.919Z"}}, {"model": "sessions.session", "pk": "ns3zgvil0rpbux8hderv6o581x4tz9jy", "fields": {"session_data": "MTgyYjc3MWE4ZDhmMGI3Y2VjZjk1ZDdhN2Y0ZWZiMzE3OGQ5NTkyODp7Il9hdXRoX3VzZXJfaWQiOiIxIiwiX2F1dGhfdXNlcl9iYWNrZW5kIjoiZGphbmdvLmNvbnRyaWIuYXV0aC5iYWNrZW5kcy5Nb2RlbEJhY2tlbmQiLCJfYXV0aF91c2VyX2hhc2giOiIzN2VmZWMzZmIyNDQ4ZTc5YjA5Y2QxNGU0ZmNkNjU5MmFkM2M5ODI4In0=", "expire_date": "2019-02-22T09:04:49.049Z"}}, {"model": "sessions.session", "pk": "o2kpniiu1d3p3p53ol24hny7aqd5v1vj", "fields": {"session_data": "MTgyYjc3MWE4ZDhmMGI3Y2VjZjk1ZDdhN2Y0ZWZiMzE3OGQ5NTkyODp7Il9hdXRoX3VzZXJfaWQiOiIxIiwiX2F1dGhfdXNlcl9iYWNrZW5kIjoiZGphbmdvLmNvbnRyaWIuYXV0aC5iYWNrZW5kcy5Nb2RlbEJhY2tlbmQiLCJfYXV0aF91c2VyX2hhc2giOiIzN2VmZWMzZmIyNDQ4ZTc5YjA5Y2QxNGU0ZmNkNjU5MmFkM2M5ODI4In0=", "expire_date": "2019-03-23T13:49:17.945Z"}}, {"model": "sessions.session", "pk": "rso36itigvlvs4uhxe04glfkksq6sjwr", "fields": {"session_data": "MTgyYjc3MWE4ZDhmMGI3Y2VjZjk1ZDdhN2Y0ZWZiMzE3OGQ5NTkyODp7Il9hdXRoX3VzZXJfaWQiOiIxIiwiX2F1dGhfdXNlcl9iYWNrZW5kIjoiZGphbmdvLmNvbnRyaWIuYXV0aC5iYWNrZW5kcy5Nb2RlbEJhY2tlbmQiLCJfYXV0aF91c2VyX2hhc2giOiIzN2VmZWMzZmIyNDQ4ZTc5YjA5Y2QxNGU0ZmNkNjU5MmFkM2M5ODI4In0=", "expire_date": "2019-02-16T17:45:47.754Z"}}, {"model": "sessions.session", "pk": "sm5y8nx303hg2wtherwtf30fmlnj11sd", "fields": {"session_data": "MTgyYjc3MWE4ZDhmMGI3Y2VjZjk1ZDdhN2Y0ZWZiMzE3OGQ5NTkyODp7Il9hdXRoX3VzZXJfaWQiOiIxIiwiX2F1dGhfdXNlcl9iYWNrZW5kIjoiZGphbmdvLmNvbnRyaWIuYXV0aC5iYWNrZW5kcy5Nb2RlbEJhY2tlbmQiLCJfYXV0aF91c2VyX2hhc2giOiIzN2VmZWMzZmIyNDQ4ZTc5YjA5Y2QxNGU0ZmNkNjU5MmFkM2M5ODI4In0=", "expire_date": "2019-02-25T06:03:20.293Z"}}, {"model": "sessions.session", "pk": "uvu6glp65sfoxjubxm575wlb3noymb4n", "fields": {"session_data": "MTgyYjc3MWE4ZDhmMGI3Y2VjZjk1ZDdhN2Y0ZWZiMzE3OGQ5NTkyODp7Il9hdXRoX3VzZXJfaWQiOiIxIiwiX2F1dGhfdXNlcl9iYWNrZW5kIjoiZGphbmdvLmNvbnRyaWIuYXV0aC5iYWNrZW5kcy5Nb2RlbEJhY2tlbmQiLCJfYXV0aF91c2VyX2hhc2giOiIzN2VmZWMzZmIyNDQ4ZTc5YjA5Y2QxNGU0ZmNkNjU5MmFkM2M5ODI4In0=", "expire_date": "2019-03-01T01:24:04.907Z"}}, {"model": "sessions.session", "pk": "v49hrpyck6dvcsddxi1br1fhjgkmp7sr", "fields": {"session_data": "M2M1NDAwODIzZTU2YjU4ODAwNTA3YzYzZmUxYzQ4OWUwNGQ0ZmMzYzp7fQ==", "expire_date": "2019-02-21T20:12:13.898Z"}}, {"model": "sessions.session", "pk": "xfxauymirbz8ygrlnxqw3felz71v0gsu", "fields": {"session_data": "MTgyYjc3MWE4ZDhmMGI3Y2VjZjk1ZDdhN2Y0ZWZiMzE3OGQ5NTkyODp7Il9hdXRoX3VzZXJfaWQiOiIxIiwiX2F1dGhfdXNlcl9iYWNrZW5kIjoiZGphbmdvLmNvbnRyaWIuYXV0aC5iYWNrZW5kcy5Nb2RlbEJhY2tlbmQiLCJfYXV0aF91c2VyX2hhc2giOiIzN2VmZWMzZmIyNDQ4ZTc5YjA5Y2QxNGU0ZmNkNjU5MmFkM2M5ODI4In0=", "expire_date": "2019-02-18T06:56:32.113Z"}}, {"model": "sessions.session", "pk": "yfgjg8r4qrfng8xjc92et4gfh8skdnup", "fields": {"session_data": "MTgyYjc3MWE4ZDhmMGI3Y2VjZjk1ZDdhN2Y0ZWZiMzE3OGQ5NTkyODp7Il9hdXRoX3VzZXJfaWQiOiIxIiwiX2F1dGhfdXNlcl9iYWNrZW5kIjoiZGphbmdvLmNvbnRyaWIuYXV0aC5iYWNrZW5kcy5Nb2RlbEJhY2tlbmQiLCJfYXV0aF91c2VyX2hhc2giOiIzN2VmZWMzZmIyNDQ4ZTc5YjA5Y2QxNGU0ZmNkNjU5MmFkM2M5ODI4In0=", "expire_date": "2019-02-18T14:37:13.575Z"}}, {"model": "mainapp.category", "pk": 1, "fields": {"name": "new", "is_active": true}}, {"model": "mainapp.category", "pk": 2, "fields": {"name": "featured", "is_active": true}}, {"model": "mainapp.category", "pk": 3, "fields": {"name": "exclusive", "is_active": true}}, {"model": "mainapp.category", "pk": 4, "fields": {"name": "trending", "is_active": true}}, {"model": "mainapp.category", "pk": 5, "fields": {"name": "hot", "is_active": true}}, {"model": "mainapp.category", "pk": 6, "fields": {"name": "promo", "is_active": true}}, {"model": "mainapp.category", "pk": 7, "fields": {"name": "home", "is_active": true}}, {"model": "mainapp.category", "pk": 8, "fields": {"name": "office", "is_active": true}}, {"model": "mainapp.category", "pk": 9, "fields": {"name": "furniture", "is_active": true}}, {"model": "mainapp.category", "pk": 10, "fields": {"name": "modern", "is_active": true}}, {"model": "mainapp.category", "pk": 11, "fields": {"name": "classic", "is_active": true}}, {"model": "mainapp.mainmenu", "pk": 1, "fields": {"title": "home", "link": "home:index"}}, {"model": "mainapp.mainmenu", "pk": 2, "fields": {"title": "products", "link": "catalog:index"}}, {"model": "mainapp.mainmenu", "pk": 3, "fields": {"title": "contact", "link": "contacts"}}, {"model": "mainapp.catalogmenu", "pk": 1, "fields": {"title": "home", "category": 7}}, {"model": "mainapp.catalogmenu", "pk": 2, "fields": {"title": "office", "category": 8}}, {"model": "mainapp.catalogmenu", "pk": 3, "fields": {"title": "furniture", "category": 9}}, {"model": "mainapp.catalogmenu", "pk": 4, "fields": {"title": "modern", "category": 10}}, {"model": "mainapp.catalogmenu", "pk": 5, "fields": {"title": "classic", "category": 11}}, {"model": "mainapp.newmenu", "pk": 1, "fields": {"title": "new", "category": 1}}, {"model": "mainapp.newmenu", "pk": 2, "fields": {"title": "featured", "category": 2}}, {"model": "mainapp.address", "pk": 1, "fields": {"city": "california", "phone": "1900 \u0432\u0402\u201d 1234 \u0432\u0402\u201d 5678", "email": "info@interior.com", "address": "12 W 1st St, 90001 Los Angeles, California"}}, {"model": "mainapp.address", "pk": 2, "fields": {"city": "california", "phone": "1900 \u0432\u0402\u201d 1234 \u0432\u0402\u201d 5678", "email": "info@interior.com", "address": "12&nbsp;W 1st St, 90001 Los Angeles, California"}}, {"model": "mainapp.address", "pk": 3, "fields": {"city": "california", "phone": "1900 \u0432\u0402\u201d 1234 \u0432\u0402\u201d 5678", "email": "info@interior.com", "address": "12 W 1st St, 90001 Los Angeles, California"}}, {"model": "mainapp.product", "pk": 1, "fields": {"title": "fishnet chair", "description": "Seat and back with upholstery made of cold cure foam", "small_img_path": "product_small_img/product-11.jpg", "big_img_path": "", "full_description": "", "price": "1.00", "quantity": 912, "is_active": true, "category": [4]}}, {"model": "mainapp.product", "pk": 2, "fields": {"title": "fishnet chair", "description": "Seat and back with upholstery made of cold cure foam", "small_img_path": "product_small_img/product-21.jpg", "big_img_path": "", "full_description": "", "price": "1.00", "quantity": 978, "is_active": true, "category": [4]}}, {"model": "mainapp.product", "pk": 3, "fields": {"title": "fishnet chair", "description": "Seat and back with upholstery made of cold cure foam", "small_img_path": "product_small_img/product-31.jpg", "big_img_path": "", "full_description": "", "price": "1.00", "quantity": 1000, "is_active": true, "category": [4]}}, {"model": "mainapp.product", "pk": 4, "fields": {"title": "fishnet chair", "description": "Seat and back with upholstery made of cold cure foam", "small_img_path": "product_small_img/product-41.jpg", "big_img_path": "", "full_description": "", "price": "1.00", "quantity": 1000, "is_active": true, "category": [4]}}, {"model": "mainapp.product", "pk": 5, "fields": {"title": "fishnet chair", "description": "Seat and back with upholstery made of cold cure foam", "small_img_path": "product_small_img/product-5.jpg", "big_img_path": "", "full_description": "", "price": "1.00", "quantity": 944, "is_active": true, "category": [4]}}, {"model": "mainapp.product", "pk": 6, "fields": {"title": "fishnet chair", "description": "Seat and back with upholstery made of cold cure foam", "small_img_path": "product_small_img/product-6.jpg", "big_img_path": "", "full_description": "", "price": "1.00", "quantity": 1000, "is_active": true, "category": [4]}}, {"model": "mainapp.product", "pk": 7, "fields": {"title": "fishnet chair", "description": "Seat and back with upholstery made of cold cure foam", "small_img_path": "product_small_img/product-11.jpg", "big_img_path": "", "full_description": "", "price": "1.00", "quantity": 1000, "is_active": true, "category": [4]}}, {"model": "mainapp.product", "pk": 8, "fields": {"title": "fishnet chair", "description": "Seat and back with upholstery made of cold cure foam", "small_img_path": "product_small_img/product-21.jpg", "big_img_path": "", "full_description": "", "price": "1.00", "quantity": 1000, "is_active": true, "category": [4]}}, {"model": "mainapp.product", "pk": 9, "fields": {"title": "fishnet chair", "description": "Seat and back with upholstery made of cold cure foam", "small_img_path": "product_small_img/product-31.jpg", "big_img_path": "", "full_description": "", "price": "1.00", "quantity": 1000, "is_active": true, "category": [4]}}, {"model": "mainapp.product", "pk": 10, "fields": {"title": "fishnet chair", "description": "Seat and back with upholstery made of cold cure foam", "small_img_path": "product_small_img/product-41.jpg", "big_img_path": "", "full_description": "", "price": "1.00", "quantity": 1000, "is_active": true, "category": [4]}}, {"model": "mainapp.product", "pk": 11, "fields": {"title": "fishnet chair", "description": "Seat and back with upholstery made of cold cure foam", "small_img_path": "product_small_img/product-5.jpg", "big_img_path": "", "full_description": "", "price": "1.00", "quantity": 1000, "is_active": true, "category": [4]}}, {"model": "mainapp.product", "pk": 12, "fields": {"title": "fishnet chair", "description": "Seat and back with upholstery made of cold cure foam", "small_img_path": "product_small_img/product-6.jpg", "big_img_path": "", "full_description": "", "price": "1.00", "quantity": 1000, "is_active": true, "category": [4]}}, {"model": "mainapp.product", "pk": 13, "fields": {"title": "fishnet chair", "description": "Seat and back with upholstery made of cold cure foam", "small_img_path": "product_small_img/product-1.jpg", "big_img_path": "", "full_description": "", "price": "1.00", "quantity": 1000, "is_active": true, "category": [1]}}, {"model": "mainapp.product", "pk": 14, "fields": {"title": "fishnet chair", "description": "Seat and back with upholstery made of cold cure foam", "small_img_path": "product_small_img/product-2.jpg", "big_img_path": "", "full_description": "", "price": "1.00", "quantity": 1000, "is_active": true, "category": [1]}}, {"model": "mainapp.product", "pk": 15, "fields": {"title": "fishnet chair", "description": "Seat and back with upholstery made of cold cure foam", "small_img_path": "product_small_img/product-3.jpg", "big_img_path": "", "full_description": "", "price": "1.00", "quantity": 1000, "is_active": true, "category": [1]}}, {"model": "mainapp.product", "pk": 16, "fields": {"title": "fishnet chair", "description": "Seat and back with upholstery made of cold cure foam", "small_img_path": "product_small_img/product-4.jpg", "big_img_path": "", "full_description": "", "price": "1.00", "quantity": 1000, "is_active": true, "category": [1]}}, {"model": "mainapp.product", "pk": 17, "fields": {"title": "fishnet chair", "description": "Seat and back with upholstery made of cold cure foam", "small_img_path": "product_small_img/product-2-sm.jpg", "big_img_path": "", "full_description": "", "price": "1.00", "quantity": 1000, "is_active": true, "category": [3]}}, {"model": "mainapp.product", "pk": 18, "fields": {"title": "fishnet chair", "description": "Seat and back with upholstery made of cold cure foam", "small_img_path": "product_small_img/product-3-sm.jpg", "big_img_path": "", "full_description": "", "price": "1.00", "quantity": 1000, "is_active": true, "category": [3]}}, {"model": "mainapp.product", "pk": 19, "fields": {"title": "fishnet chair", "description": "Seat and back with upholstery made of cold cure foam", "small_img_path": "product_small_img/product-4-sm.jpg", "big_img_path": "", "full_description": "", "price": "1.00", "quantity": 1000, "is_active": true, "category": [3]}}, {"model": "mainapp.product", "pk": 20, "fields": {"title": "fishnet chair", "description": "Seat and back with upholstery made of cold cure foam", "small_img_path": "product_small_img/product-5-sm.jpg", "big_img_path": "", "full_description": "", "price": "1.00", "quantity": 1000, "is_active": true, "category": [3]}}, {"model": "mainapp.product", "pk": 21, "fields": {"title": "fishnet chair", "description": "Seat and back with upholstery made of cold cure foam. Steel frame, available in matt powder-coated black or highly polished chrome.", "small_img_path": "", "big_img_path": "product_big_img/promo-img1.jpg", "full_description": "", "price": "1.00", "quantity": 1000, "is_active": true, "category": [6]}}, {"model": "mainapp.product", "pk": 22, "fields": {"title": "fishnet chair", "description": "Seat and back with upholstery made of cold cure foam. Steel frame, available in matt powder-coated black or highly polished chrome.", "small_img_path": "", "big_img_path": "product_big_img/promo-img.jpg", "full_description": "", "price": "1.00", "quantity": 1000, "is_active": true, "category": [6]}}, {"model": "mainapp.product", "pk": 23, "fields": {"title": "fishnet chair", "description": "Seat and back with upholstery made of cold cure foam. Steel frame, available in matt powder-coated black or highly polished chrome.", "small_img_path": "", "big_img_path": "product_big_img/product-1-lg.jpg", "full_description": "", "price": "1.00", "quantity": 1000, "is_active": true, "category": [3]}}, {"model": "authapp.customuser", "pk": 1, "fields": {"password": "pbkdf2_sha256$120000$HFe6lnJt81kX$xpxM8lUOb3NZtTefhfdPg++wTbpRFtDrV7QrbSPzSgo=", "last_login": "2019-03-09T13:49:17.669Z", "is_superuser": true, "username": "admin", "first_name": "", "last_name": "", "email": "django@geekmarket.local", "is_staff": true, "is_active": true, "date_joined": "2019-01-31T15:34:20Z", "avatar": "", "age": 18, "activation_key": "", "activation_key_expires": "2019-02-28T12:48:30.858Z", "groups": [], "user_permissions": []}}, {"model": "authapp.customuser", "pk": 2, "fields": {"password": "!wb7DdzhNgzUu8WcUpDdqoy1a2PC8XTHlIaqYyLfr", "last_login": "2019-03-01T14:09:17.757Z", "is_superuser": false, "username": "kletskina_antonina", "first_name": "\u0410\u043d\u0442\u043e\u043d\u0438\u043d\u0430", "last_name": "\u041a\u043b\u0451\u0446\u043a\u0438\u043d\u0430", "email": "", "is_staff": false, "is_active": true, "date_joined": "2019-03-01T12:22:58.505Z", "avatar": "", "age": 28, "activation_key": "", "activation_key_expires": "2019-03-03T12:21:59.085Z", "groups": [], "user_permissions": []}}, {"model": "authapp.customuser", "pk": 3, "fields": {"password": "!Dfs2H4dY8kSlYqd0htfw7XEEk5oWaPSWmMPz6R8d", "last_login": "2019-03-05T12:13:26.787Z", "is_superuser": false, "username": "kiastarhunter", "first_name": "\u0418\u0432\u0430\u043d", "last_name": "\u041a\u043b\u0451\u0446\u043a\u0438\u043d", "email": "kia40@mail.ru", "is_staff": false, "is_active": true, "date_joined": "2019-03-04T16:49:17.357Z", "avatar": "users_avatars/kiastarhunter/9h5yKYRlwYY.jpg", "age": 30, "activation_key": "", "activation_key_expires": "2019-03-06T16:22:35.368Z", "groups": [], "user_permissions": []}}, {"model": "authapp.customuserprofile", "pk": 1, "fields": {"user": 1, "tagline": "", "aboutMe": "", "gender": ""}}, {"model": "authapp.customuserprofile", "pk": 2, "fields": {"user": 2, "tagline": "", "aboutMe": "", "gender": "W"}}, {"model": "authapp.customuserprofile", "pk": 3, "fields": {"user": 3, "tagline": "", "aboutMe": "", "gender": "M"}}, {"model": "basketapp.basket", "pk": 1, "fields": {"user": 3, "product": 3, "quantity": 6, "add_datetime": "2019-02-03T18:06:13.819Z"}}, {"model": "basketapp.basket", "pk": 2, "fields": {"user": 3, "product": 14, "quantity": 1, "add_datetime": "2019-02-03T18:20:53.772Z"}}, {"model": "basketapp.basket", "pk": 120, "fields": {"user": 1, "product": 2, "quantity": 22, "add_datetime": "2019-03-09T17:18:18.916Z"}}, {"model": "ordersapp.order", "pk": 1, "fields": {"user": 1, "created": "2019-03-09T15:03:26.127Z", "updated": "2019-03-09T17:13:31.803Z", "status": "FM", "is_active": true}}, {"model": "ordersapp.order", "pk": 2, "fields": {"user": 1, "created": "2019-03-09T17:12:57.742Z", "updated": "2019-03-09T17:13:18.093Z", "status": "FM", "is_active": false}}, {"model": "ordersapp.orderitem", "pk": 1, "fields": {"order": 1, "product": 5, "quantity": 56}}, {"model": "ordersapp.orderitem", "pk": 2, "fields": {"order": 1, "product": 1, "quantity": 38}}, {"model": "ordersapp.orderitem", "pk": 3, "fields": {"order": 2, "product": 1, "quantity": 50}}, {"model": "ordersapp.orderitem", "pk": 4, "fields": {"order": 1, "product": 1, "quantity": 50}}, {"model": "social_django.usersocialauth", "pk": 1, "fields": {"user": 2, "provider": "vk-oauth2", "uid": "7224566", "extra_data": "{\"auth_time\": 1551449357, \"id\": 7224566, \"expires\": 86400, \"access_token\": \"c7802ebe3a2baa5180e3702fa5f698c2f0f6e7209d604a64514935e3fa57d0e99a97339d2346b3977d5bc\", \"token_type\": null}"}}, {"model": "social_django.usersocialauth", "pk": 2, "fields": {"user": 3, "provider": "vk-oauth2", "uid": "1573168", "extra_data": "{\"auth_time\": 1551788006, \"id\": 1573168, \"expires\": 86400, \"access_token\": \"4fa43222d9e8cc556028f8b9fdb97c3d9c54b8f4740cbbb65af3b60b37be0b870245dab5abc15094bc907\", \"token_type\": null}"}}, {"model": "admin.logentry", "pk": 1, "fields": {"action_time": "2019-02-02T17:48:21.766Z", "user": 1, "content_type": 11, "object_id": "23", "object_repr": "fishnet chair", "action_flag": 1, "change_message": "[{\"added\": {}}]"}}, {"model": "admin.logentry", "pk": 2, "fields": {"action_time": "2019-02-03T09:41:07.031Z", "user": 1, "content_type": 9, "object_id": "2", "object_repr": "products", "action_flag": 2, "change_message": "[{\"changed\": {\"fields\": [\"link\"]}}]"}}]